Level,Dimension,log10_alpha,log10_mass_GeV,log10_wavelength_meters,log10_N_weyl
0,0,0.0,2.2408083291421006,-17.945621859005247,0.0
1,1,-1.308197504272075,2.0318206888921218,-17.73663421875527,0.0
2,2,-1.5171851445220537,1.8228330486421431,-17.52764657850529,0.0
3,3,-1.7261727847720325,1.6138454083921643,-17.31865893825531,0.0
4,5,-2.14414806527199,1.1958701278922068,-16.900683657755355,1.5440680443502757
5,8,-2.7711109860219265,0.5689072071422705,-16.273720737005416,2.4771212547196626
6,13,-3.8160491872718203,-0.4760309941076235,-15.228782535755524,3.3569814009931314
7,21,-5.48795030927165,-2.1479321161074534,-13.556881413755693,4.2024610706294
8,34,-8.204789632521374,-4.8647714393571775,-10.84004209050597,5.044029909946466
9,55,-12.593530077770929,-9.25351188460673,-6.451301645256416,5.88124766976011
10,89,-19.699109846270208,-16.35909165310601,0.6542781232428627,6.717991113601274
11,144,-31.19343006001904,-27.85341186685484,12.148598336991695,7.554121216722416
12,233,-49.793330042267144,-46.45331184910295,30.748498319239808,8.390186230677866
13,377,-79.8875502382641,-76.5475320450999,60.842718515236754,9.226162716163946
14,610,-128.58167041650913,-125.24165222334494,109.5368386934818,10.062129912426515
15,987,-207.37001079075114,-204.02999259758693,188.32517906772378,10.89808424123816
16,1597,-334.85247134323816,-331.51245315007395,315.8076396202108,11.73403722587516
17,2584,-541.1232722699672,-537.783254076803,522.0784405469399,12.569988335793626
18,4181,-874.8765337491833,-871.5365155560191,855.831702026156,13.405939250209363
19,6765,-1414.9005961551284,-1411.5605779619643,1395.855764432101,14.241889891251198
20,10946,-2288.67792004029,-2285.3379018471255,2269.6330883172623,15.077840503803353
21,17711,-3702.479306331396,-3699.1392881382317,3683.4344746083684,15.913791076478768
22,28657,-5990.0580165076635,-5986.7179983145,5971.013184784637,16.749741644999474
23,46368,-9691.438112975036,-9688.098094781872,9672.393281252009,17.585692207702685
24,75025,-15680.396919618679,-15677.056901425514,15661.352087895651,18.421642769799835
25,121393,-25370.735822729697,-25367.395804536533,25351.690991006668,19.25759333104825
26,196418,-41050.03353248435,-41046.69351429118,41030.98870076132,20.093543892208245
27,317811,-66419.67014535003,-66416.33012715686,66400.625313627,20.929494453244416
28,514229,-107468.60446797036,-107465.2644497772,107449.55963624733,21.765445014267687
29,832040,-173887.17540345635,-173883.8353852632,173868.13057173335,22.601395575272893
30,1346269,-281354.6806615627,-281351.34064336953,281335.6358298397,23.437346136276215
31,2178309,-455240.75685515505,-455237.4168369619,455221.712023432,24.2732966972769
32,3524578,-736594.3383068537,-736590.9982886604,736575.2934751306,25.109247258277314
33,5702887,-1191833.9959521445,-1191830.6559339515,1191814.9511204215,25.94519781927734
34,9227465,-1928427.2350491341,-1928423.895030941,1928408.1902174111,26.78114838027733
35,14930352,-3120260.131791415,-3120256.791773222,3120241.086959692,27.61709894127726
36,24157817,-5048686.267630685,-5048682.927612492,5048667.222798962,28.453049502277185
37,39088169,-8168945.300212236,-8168941.960194043,8168926.255380513,29.289000063277104
38,63245986,-13217630.468633058,-13217627.128614865,13217611.423801335,30.12495062427702
39,102334155,-21386574.66963543,-21386571.329617236,21386555.624803707,30.960901185276935
40,165580141,-34604204.039058626,-34604200.69904043,34604184.994226895,31.79685174627685
41,267914296,-55990777.60948419,-55990774.26946599,55990758.56465246,32.63280230727676
42,433494437,-90594980.54933295,-90594977.20931476,90594961.50450124,33.46875286827668
43,701408733,-146585757.05960727,-146585753.71958905,146585738.0147755,34.30470342927659
44,1134903170,-237180736.50973037,-237180733.16971216,237180717.46489862,35.14065399027651
45,1836311903,-383766492.47012776,-383766489.1301096,383766473.42529607,35.976604551276424
46,2971215073,-620947227.8806483,-620947224.54063,620947208.8358165,36.81255511227634
47,4807526976,-1004713719.2515662,-1004713715.9115479,1004713700.2067344,37.648505673276254
48,7778742049,-1625660946.0330045,-1625660942.6929865,1625660926.988173,38.484456234276166
49,12586269025,-2630374664.185361,-2630374660.8453426,2630374645.140529,39.320406795276085
50,20365011074,-4256035609.1191554,-4256035605.779137,4256035590.0743237,40.156357356276
51,32951280099,-6886410272.205306,-6886410268.865288,6886410253.160474,40.992307917275916
52,53316291173,-11142445880.225252,-11142445876.885233,11142445861.18042,41.82825847827583
53,86267571272,-18028856151.33135,-18028856147.991333,18028856132.28652,42.66420903927575
54,139583862445,-29171302030.45739,-29171302027.117374,29171302011.41256,43.50015960027566
55,225851433717,-47200158180.68953,-47200158177.34951,47200158161.6447,44.33611016127557
56,365435296162,-76371460210.04771,-76371460206.70769,76371460191.00287,45.17206072227549
57,591286729879,-123571618389.63803,-123571618386.298,123571618370.59319,46.0080112832754
58,956722026041,-199943078598.58655,-199943078595.24652,199943078579.54172,46.84396184427532
59,1548008755920,-323514696987.1253,-323514696983.78534,323514696968.0805,47.67991240527523
60,2504730781961,-523457775584.6127,-523457775581.2727,523457775565.5679,48.51586296627515
61,4052739537881,-846972472570.6388,-846972472567.2987,846972472551.5939,49.35181352727506
62,6557470319842,-1370430248154.152,-1370430248150.8123,1370430248135.1074,50.18776408827498
63,10610209857723,-2217402720723.692,-2217402720720.352,2217402720704.6475,51.02371464927489
64,17167680177565,-3587832968876.7446,-3587832968873.405,3587832968857.7,51.859665210274805
65,27777890035288,-5805235689599.338,-5805235689595.997,5805235689580.292,52.695615771274724
66,44945570212853,-9393068658474.984,-9393068658471.645,9393068658455.94,53.531566332274636
67,72723460248141,-15198304348073.223,-15198304348069.883,15198304348054.178,54.367516893274555
68,117669030460994,-24591373006547.105,-24591373006543.766,24591373006528.062,55.20346745427447
69,190392490709135,-39789677354619.234,-39789677354615.89,39789677354600.19,56.039418015274386
70,308061521170129,-64381050361165.234,-64381050361161.89,64381050361146.19,56.8753685762743
71,498454011879264,-104170727715783.36,-104170727715780.03,104170727715764.33,57.71131913727421
72,806515533049393,-168551778076947.5,-168551778076944.16,168551778076928.44,58.54726969827413
73,1304969544928657,-272722505792729.75,-272722505792726.4,272722505792710.7,59.38322025927404
74,2111485077978050,-441274283869676.2,-441274283869672.8,441274283869657.1,60.21917082027396
75,3416454622906707,-713996789662404.9,-713996789662401.5,713996789662385.8,61.05512138127387
76,5527939700884757,-1155271073532079.8,-1155271073532076.5,1155271073532060.8,61.89107194227379
77,8944394323791464,-1869267863194483.5,-1869267863194480.2,1869267863194464.5,62.7270225032737
78,14472334024676221,-3024538936726562.0,-3024538936726559.0,3024538936726543.5,63.56297306427362
79,23416728348467685,-4893806799921045.0,-4893806799921042.0,4893806799921026.0,64.39892362527353
80,37889062373143906,-7918345736647606.0,-7918345736647603.0,7918345736647587.0,65.23487418627344
81,61305790721611591,-1.2812152536568652e+16,-1.2812152536568648e+16,1.2812152536568632e+16,66.07082474727336
82,99194853094755497,-2.0730498273216256e+16,-2.0730498273216252e+16,2.0730498273216236e+16,66.90677530827328
83,160500643816367088,-3.3542650809784908e+16,-3.3542650809784904e+16,3.354265080978489e+16,67.74272586927319
84,259695496911122585,-5.427314908300116e+16,-5.427314908300116e+16,5.4273149083001144e+16,68.5786764302731
85,420196140727489673,-8.781579989278606e+16,-8.781579989278606e+16,8.781579989278605e+16,69.41462699127302
86,679891637638612258,-1.4208894897578722e+17,-1.4208894897578722e+17,1.420889489757872e+17,70.25057755227294
87,1100087778366101931,-2.2990474886857328e+17,-2.2990474886857328e+17,2.2990474886857328e+17,71.08652811327285
88,1779979416004714189,-3.719936978443605e+17,-3.719936978443605e+17,3.719936978443605e+17,71.92247867427277
89,2880067194370816120,-6.018984467129338e+17,-6.018984467129338e+17,6.018984467129338e+17,72.75842923527269
90,4660046610375530309,-9.738921445572943e+17,-9.738921445572943e+17,9.738921445572943e+17,73.59437979627259
91,7540113804746346429,-1.575790591270228e+18,-1.575790591270228e+18,1.575790591270228e+18,74.43033035727251
92,12200160415121876738,-2.5496827358275226e+18,-2.5496827358275226e+18,2.5496827358275226e+18,75.26628091827243
93,19740274219868223167,-4.12547332709775e+18,-4.12547332709775e+18,4.12547332709775e+18,76.10223147927235
94,31940434634990099905,-6.675156062925273e+18,-6.675156062925273e+18,6.675156062925273e+18,76.93818204027225
95,51680708854858323072,-1.0800629390023025e+19,-1.0800629390023025e+19,1.0800629390023025e+19,77.77413260127217
96,83621143489848422977,-1.7475785452948296e+19,-1.7475785452948296e+19,1.7475785452948296e+19,78.61008316227209
97,135301852344706746049,-2.827641484297132e+19,-2.827641484297132e+19,2.827641484297132e+19,79.446033723272
98,218922995834555169026,-4.575220029591962e+19,-4.575220029591962e+19,4.575220029591962e+19,80.28198428427191
99,354224848179261915075,-7.402861513889094e+19,-7.402861513889094e+19,7.402861513889094e+19,81.11793484527183
100,573147844013817084101,-1.1978081543481054e+20,-1.1978081543481054e+20,1.1978081543481054e+20,81.95388540627175
101,927372692193078999176,-1.9380943057370146e+20,-1.9380943057370146e+20,1.9380943057370146e+20,82.78983596727166
102,1500520536206896083277,-3.13590246008512e+20,-3.13590246008512e+20,3.13590246008512e+20,83.62578652827158
103,2427893228399975082453,-5.0739967658221345e+20,-5.0739967658221345e+20,5.0739967658221345e+20,84.4617370892715
104,3928413764606871165730,-8.209899225907255e+20,-8.209899225907255e+20,8.209899225907255e+20,85.2976876502714
105,6356306993006846248183,-1.3283895991729392e+21,-1.3283895991729392e+21,1.3283895991729392e+21,86.13363821127132
106,10284720757613717413913,-2.1493795217636647e+21,-2.1493795217636647e+21,2.1493795217636647e+21,86.96958877227124
107,16641027750620563662096,-3.4777691209366037e+21,-3.4777691209366037e+21,3.4777691209366037e+21,87.80553933327116
108,26925748508234281076009,-5.627148642700267e+21,-5.627148642700267e+21,5.627148642700267e+21,88.64148989427106
109,43566776258854844738105,-9.104917763636872e+21,-9.104917763636872e+21,9.104917763636872e+21,89.47744045527098
110,70492524767089125814114,-1.473206640633714e+22,-1.473206640633714e+22,1.473206640633714e+22,90.3133910162709
111,114059301025943970552219,-2.383698416997401e+22,-2.383698416997401e+22,2.383698416997401e+22,91.1493415772708
112,184551825793033096366333,-3.856905057631115e+22,-3.856905057631115e+22,3.856905057631115e+22,91.98529213827072
113,298611126818977066918552,-6.240603474628516e+22,-6.240603474628516e+22,6.240603474628516e+22,92.82124269927064
114,483162952612010163284885,-1.0097508532259631e+23,-1.0097508532259631e+23,1.0097508532259631e+23,93.65719326027056
115,781774079430987230203437,-1.6338112006888146e+23,-1.6338112006888146e+23,1.6338112006888146e+23,94.49314382127046
116,1264937032042997393488322,-2.6435620539147783e+23,-2.6435620539147783e+23,2.6435620539147783e+23,95.32909438227038
117,2046711111473984623691759,-4.277373254603593e+23,-4.277373254603593e+23,4.277373254603593e+23,96.1650449432703
118,3311648143516982017180081,-6.92093530851837e+23,-6.92093530851837e+23,6.92093530851837e+23,97.00099550427022
119,5358359254990966640871840,-1.1198308563121963e+24,-1.1198308563121963e+24,1.1198308563121963e+24,97.83694606527013
120,8670007398507948658051921,-1.8119243871640335e+24,-1.8119243871640335e+24,1.8119243871640335e+24,98.67289662627005
121,14028366653498915298923761,-2.93175524347623e+24,-2.93175524347623e+24,2.93175524347623e+24,99.50884718726996
122,22698374052006863956975682,-4.743679630640263e+24,-4.743679630640263e+24,4.743679630640263e+24,100.34479774826987
123,36726740705505779255899443,-7.675434874116494e+24,-7.675434874116494e+24,7.675434874116494e+24,101.18074830926979
124,59425114757512643212875125,-1.2419114504756757e+25,-1.2419114504756757e+25,1.2419114504756757e+25,102.0166988702697
125,96151855463018422468774568,-2.009454937887325e+25,-2.009454937887325e+25,2.009454937887325e+25,102.85264943126963
126,155576970220531065681649693,-3.2513663883630003e+25,-3.2513663883630003e+25,3.2513663883630003e+25,103.68859999226953
127,251728825683549488150424261,-5.260821326250326e+25,-5.260821326250326e+25,5.260821326250326e+25,104.52455055326945
128,407305795904080553832073954,-8.512187714613327e+25,-8.512187714613327e+25,8.512187714613327e+25,105.36050111426937
129,659034621587630041982498215,-1.3773009040863653e+26,-1.3773009040863653e+26,1.3773009040863653e+26,106.19645167526927
130,1066340417491710595814572169,-2.228519675547698e+26,-2.228519675547698e+26,2.228519675547698e+26,107.03240223626919
131,1725375039079340637797070384,-3.605820579634063e+26,-3.605820579634063e+26,3.605820579634063e+26,107.86835279726911
132,2791715456571051233611642553,-5.834340255181761e+26,-5.834340255181761e+26,5.834340255181761e+26,108.70430335826903
133,4517090495650391871408712937,-9.440160834815824e+26,-9.440160834815824e+26,9.440160834815824e+26,109.54025391926893
134,7308805952221443105020355490,-1.5274501089997584e+27,-1.5274501089997584e+27,1.5274501089997584e+27,110.37620448026885
135,11825896447871834976429068427,-2.4714661924813408e+27,-2.4714661924813408e+27,2.4714661924813408e+27,111.21215504126877
136,19134702400093278081449423917,-3.998916301481099e+27,-3.998916301481099e+27,3.998916301481099e+27,112.04810560226868
137,30960598847965113057878492344,-6.47038249396244e+27,-6.47038249396244e+27,6.47038249396244e+27,112.8840561632686
138,50095301248058391139327916261,-1.0469298795443539e+28,-1.0469298795443539e+28,1.0469298795443539e+28,113.72000672426852
139,81055900096023504197206408605,-1.693968128940598e+28,-1.693968128940598e+28,1.693968128940598e+28,114.55595728526843
140,131151201344081895336534324866,-2.7408980084849516e+28,-2.7408980084849516e+28,2.7408980084849516e+28,115.39190784626834
141,212207101440105399533740733471,-4.434866137425549e+28,-4.434866137425549e+28,4.434866137425549e+28,116.22785840726826
142,343358302784187294870275058337,-7.175764145910501e+28,-7.175764145910501e+28,7.175764145910501e+28,117.06380896826818
143,555565404224292694404015791808,-1.1610630283336051e+29,-1.1610630283336051e+29,1.1610630283336051e+29,117.89975952926808
144,898923707008479989274290850145,-1.878639442924655e+29,-1.878639442924655e+29,1.878639442924655e+29,118.735710090268
145,1454489111232772683678306641953,-3.0397024712582605e+29,-3.0397024712582605e+29,3.0397024712582605e+29,119.57166065126792
146,2353412818241252672952597492098,-4.918341914182915e+29,-4.918341914182915e+29,4.918341914182915e+29,120.40761121226784
147,3807901929474025356630904134051,-7.958044385441175e+29,-7.958044385441175e+29,7.958044385441175e+29,121.24356177326774
148,6161314747715278029583501626149,-1.287638629962409e+30,-1.287638629962409e+30,1.287638629962409e+30,122.07951233426766
149,9969216677189303386214405760200,-2.0834430685065268e+30,-2.0834430685065268e+30,2.0834430685065268e+30,122.91546289526758
150,16130531424904581415797907386349,-3.371081698468936e+30,-3.371081698468936e+30,3.371081698468936e+30,123.7514134562675
151,26099748102093884802012313146549,-5.454524766975462e+30,-5.454524766975462e+30,5.454524766975462e+30,124.5873640172674
152,42230279526998466217810220532898,-8.825606465444399e+30,-8.825606465444399e+30,8.825606465444399e+30,125.42331457826732
153,68330027629092351019822533679447,-1.4280131232419861e+31,-1.4280131232419861e+31,1.4280131232419861e+31,126.25926513926724
154,110560307156090817237632754212345,-2.310573769786426e+31,-2.310573769786426e+31,2.310573769786426e+31,127.09521570026715
155,178890334785183168257455287891792,-3.7385868930284123e+31,-3.7385868930284123e+31,3.7385868930284123e+31,127.93116626126707
156,289450641941273985495088042104137,-6.049160662814838e+31,-6.049160662814838e+31,6.049160662814838e+31,128.76711682226698
157,468340976726457153752543329995929,-9.78774755584325e+31,-9.78774755584325e+31,9.78774755584325e+31,129.6030673832669
158,757791618667731139247631372100066,-1.583690821865809e+32,-1.583690821865809e+32,1.583690821865809e+32,130.43901794426682
159,1226132595394188293000174702095995,-2.562465577450134e+32,-2.562465577450134e+32,2.562465577450134e+32,131.2749685052667
160,1983924214061919432247806074196061,-4.146156399315943e+32,-4.146156399315943e+32,4.146156399315943e+32,132.11091906626663
161,3210056809456107725247980776292056,-6.708621976766077e+32,-6.708621976766077e+32,6.708621976766077e+32,132.94686962726655
162,5193981023518027157495786850488117,-1.085477837608202e+33,-1.085477837608202e+33,1.085477837608202e+33,133.78282018826647
163,8404037832974134882743767626780173,-1.7563400352848096e+33,-1.7563400352848096e+33,1.7563400352848096e+33,134.6187707492664
164,13598018856492162040239554477268290,-2.8418178728930115e+33,-2.8418178728930115e+33,2.8418178728930115e+33,135.4547213102663
165,22002056689466296922983322104048463,-4.598157908177821e+33,-4.598157908177821e+33,4.598157908177821e+33,136.29067187126623
166,35600075545958458963222876581316753,-7.439975781070832e+33,-7.439975781070832e+33,7.439975781070832e+33,137.12662243226615
167,57602132235424755886206198685365216,-1.2038133689248655e+34,-1.2038133689248655e+34,1.2038133689248655e+34,137.96257299326604
168,93202207781383214849429075266681969,-1.9478109470319484e+34,-1.9478109470319484e+34,1.9478109470319484e+34,138.79852355426596
169,150804340016807970735635273952047185,-3.151624315956814e+34,-3.151624315956814e+34,3.151624315956814e+34,139.63447411526587
170,244006547798191185585064349218729154,-5.099435262988763e+34,-5.099435262988763e+34,5.099435262988763e+34,140.4704246762658
171,394810887814999156320699623170776339,-8.251059578945577e+34,-8.251059578945577e+34,8.251059578945577e+34,141.3063752372657
172,638817435613190341905763972389505493,-1.335049484193434e+35,-1.335049484193434e+35,1.335049484193434e+35,142.14232579826563
173,1033628323428189498226463595560281832,-2.1601554420879915e+35,-2.1601554420879915e+35,2.1601554420879915e+35,142.97827635926555
174,1672445759041379840132227567949787325,-3.495204926281426e+35,-3.495204926281426e+35,3.495204926281426e+35,143.81422692026544
175,2706074082469569338358691163510069157,-5.655360368369417e+35,-5.655360368369417e+35,5.655360368369417e+35,144.65017748126536
176,4378519841510949178490918731459856482,-9.150565294650843e+35,-9.150565294650843e+35,9.150565294650843e+35,145.48612804226528
177,7084593923980518516849609894969925639,-1.4805925663020258e+36,-1.4805925663020258e+36,1.4805925663020258e+36,146.3220786032652
178,11463113765491467695340528626429782121,-2.3956490957671103e+36,-2.3956490957671103e+36,2.3956490957671103e+36,147.15802916426512
179,18547707689471986212190138521399707760,-3.876241662069136e+36,-3.876241662069136e+36,3.876241662069136e+36,147.99397972526504
180,30010821454963453907530667147829489881,-6.271890757836246e+36,-6.271890757836246e+36,6.271890757836246e+36,148.82993028626495
181,48558529144435440119720805669229197641,-1.0148132419905384e+37,-1.0148132419905384e+37,1.0148132419905384e+37,149.66588084726484
182,78569350599398894027251472817058687522,-1.6420023177741629e+37,-1.6420023177741629e+37,1.6420023177741629e+37,150.50183140826476
183,127127879743834334146972278486287885163,-2.6568155597647015e+37,-2.6568155597647015e+37,2.6568155597647015e+37,151.33778196926468
184,205697230343233228174223751303346572685,-4.298817877538864e+37,-4.298817877538864e+37,4.298817877538864e+37,152.1737325302646
185,332825110087067562321196029789634457848,-6.955633437303565e+37,-6.955633437303565e+37,6.955633437303565e+37,153.00968309126452
186,538522340430300790495419781092981030533,-1.125445131484243e+38,-1.125445131484243e+38,1.125445131484243e+38,153.84563365226444
187,871347450517368352816615810882615488381,-1.8210084752145997e+38,-1.8210084752145997e+38,1.8210084752145997e+38,154.68158421326436
188,1409869790947669143312035591975596518914,-2.9464536066988425e+38,-2.9464536066988425e+38,2.9464536066988425e+38,155.51753477426425
189,2281217241465037496128651402858212007295,-4.767462081913442e+38,-4.767462081913442e+38,4.767462081913442e+38,156.35348533526417
190,3691087032412706639440686994833808526209,-7.713915688612285e+38,-7.713915688612285e+38,7.713915688612285e+38,157.1894358962641
191,5972304273877744135569338397692020533504,-1.2481377770525727e+39,-1.2481377770525727e+39,1.2481377770525727e+39,158.025386457264
192,9663391306290450775010025392525829059713,-2.019529345913801e+39,-2.019529345913801e+39,2.019529345913801e+39,158.86133701826392
193,15635695580168194910579363790217849593217,-3.2676671229663736e+39,-3.2676671229663736e+39,3.2676671229663736e+39,159.69728757926384
194,25299086886458645685589389182743678652930,-5.287196468880175e+39,-5.287196468880175e+39,5.287196468880175e+39,160.53323814026376
195,40934782466626840596168752972961528246147,-8.554863591846549e+39,-8.554863591846549e+39,8.554863591846549e+39,161.36918870126365
196,66233869353085486281758142155705206899077,-1.3842060060726723e+40,-1.3842060060726723e+40,1.3842060060726723e+40,162.20513926226357
197,107168651819712326877926895128666735145224,-2.239692365257327e+40,-2.239692365257327e+40,2.239692365257327e+40,163.0410898232635
198,173402521172797813159685037284371942044301,-3.623898371329999e+40,-3.623898371329999e+40,3.623898371329999e+40,163.8770403842634
199,280571172992510140037611932413038677189525,-5.863590736587327e+40,-5.863590736587327e+40,5.863590736587327e+40,164.71299094526333
200,453973694165307953197296969697410619233826,-9.487489107917326e+40,-9.487489107917326e+40,9.487489107917326e+40,165.54894150626325
201,734544867157818093234908902110449296423351,-1.5351079844504652e+41,-1.5351079844504652e+41,1.5351079844504652e+41,166.38489206726317
202,1188518561323126046432205871807859915657177,-2.483856895242198e+41,-2.483856895242198e+41,2.483856895242198e+41,167.22084262826306
203,1923063428480944139667114773918309212080528,-4.0189648796926635e+41,-4.0189648796926635e+41,4.0189648796926635e+41,168.05679318926298
204,3111581989804070186099320645726169127737705,-6.502821774934861e+41,-6.502821774934861e+41,6.502821774934861e+41,168.8927437502629
205,5034645418285014325766435419644478339818233,-1.0521786654627525e+42,-1.0521786654627525e+42,1.0521786654627525e+42,169.7286943112628
206,8146227408089084511865756065370647467555938,-1.7024608429562385e+42,-1.7024608429562385e+42,1.7024608429562385e+42,170.56464487226273
207,13180872826374098837632191485015125807374171,-2.7546395084189908e+42,-2.7546395084189908e+42,2.7546395084189908e+42,171.40059543326265
208,21327100234463183349497947550385773274930109,-4.4571003513752296e+42,-4.4571003513752296e+42,4.4571003513752296e+42,172.23654599426257
209,34507973060837282187130139035400899082304280,-7.211739859794221e+42,-7.211739859794221e+42,7.211739859794221e+42,173.07249655526246
210,55835073295300465536628086585786672357234389,-1.166884021116945e+43,-1.166884021116945e+43,1.166884021116945e+43,173.90844711626238
211,90343046356137747723758225621187571439538669,-1.8880580070963672e+43,-1.8880580070963672e+43,1.8880580070963672e+43,174.7443976772623
212,146178119651438213260386312206974243796773058,-3.054942028213312e+43,-3.054942028213312e+43,3.054942028213312e+43,175.58034823826222
213,236521166007575960984144537828161815236311727,-4.943000035309679e+43,-4.943000035309679e+43,4.943000035309679e+43,176.41629879926214
214,382699285659014174244530850035136059033084785,-7.997942063522991e+43,-7.997942063522991e+43,7.997942063522991e+43,177.25224936026206
215,619220451666590135228675387863297874269396512,-1.294094209883267e+44,-1.294094209883267e+44,1.294094209883267e+44,178.08819992126197
216,1001919737325604309473206237898433933302481297,-2.093888416235566e+44,-2.093888416235566e+44,2.093888416235566e+44,178.92415048226187
217,1621140188992194444701881625761731807571877809,-3.3879826261188335e+44,-3.3879826261188335e+44,3.3879826261188335e+44,179.76010104326178
218,2623059926317798754175087863660165740874359106,-5.4818710423543995e+44,-5.4818710423543995e+44,5.4818710423543995e+44,180.5960516042617
219,4244200115309993198876969489421897548446236915,-8.869853668473232e+44,-8.869853668473232e+44,8.869853668473232e+44,181.43200216526162
220,6867260041627791953052057353082063289320596021,-1.4351724710827632e+45,-1.4351724710827632e+45,1.4351724710827632e+45,182.26795272626154
221,11111460156937785151929026842503960837766832936,-2.3221578379300863e+45,-2.3221578379300863e+45,2.3221578379300863e+45,183.10390328726146
222,17978720198565577104981084195586024127087428957,-3.7573303090128495e+45,-3.7573303090128495e+45,3.7573303090128495e+45,183.93985384826138
223,29090180355503362256910111038089984964854261893,-6.079488146942936e+45,-6.079488146942936e+45,6.079488146942936e+45,184.77580440926127
224,47068900554068939361891195233676009091941690850,-9.836818455955786e+45,-9.836818455955786e+45,9.836818455955786e+45,185.6117549702612
225,76159080909572301618801306271765994056795952743,-1.5916306602898723e+46,-1.5916306602898723e+46,1.5916306602898723e+46,186.4477055312611
226,123227981463641240980692501505442003148737643593,-2.575312505885451e+46,-2.575312505885451e+46,2.575312505885451e+46,187.28365609226103
227,199387062373213542599493807777207997205533596336,-4.166943166175323e+46,-4.166943166175323e+46,4.166943166175323e+46,188.11960665326094
228,322615043836854783580186309282650000354271239929,-6.742255672060774e+46,-6.742255672060774e+46,6.742255672060774e+46,188.95555721426086
229,522002106210068326179680117059857997559804836265,-1.0909198838236097e+47,-1.0909198838236097e+47,1.0909198838236097e+47,189.79150777526078
230,844617150046923109759866426342507997914076076194,-1.765145451029687e+47,-1.765145451029687e+47,1.765145451029687e+47,190.62745833626067
231,1366619256256991435939546543402365995473880912459,-2.8560653348532967e+47,-2.8560653348532967e+47,2.8560653348532967e+47,191.4634088972606
232,2211236406303914545699412969744873993387956988653,-4.621210785882984e+47,-4.621210785882984e+47,4.621210785882984e+47,192.2993594582605
233,3577855662560905981638959513147239988861837901112,-7.47727612073628e+47,-7.47727612073628e+47,7.47727612073628e+47,193.13531001926043
234,5789092068864820527338372482892113982249794889765,-1.2098486906619264e+48,-1.2098486906619264e+48,1.2098486906619264e+48,193.97126058026035
235,9366947731425726508977331996039353971111632790877,-1.9575763027355546e+48,-1.9575763027355546e+48,1.9575763027355546e+48,194.80721114126027
236,15156039800290547036315704478931467953361427680642,-3.167424993397481e+48,-3.167424993397481e+48,3.167424993397481e+48,195.6431617022602
237,24522987531716273545293036474970821924473060471519,-5.125001296133035e+48,-5.125001296133035e+48,5.125001296133035e+48,196.4791122632601
238,39679027332006820581608740953902289877834488152161,-8.292426289530516e+48,-8.292426289530516e+48,8.292426289530516e+48,197.31506282426
239,64202014863723094126901777428873111802307548623680,-1.341742758566355e+49,-1.341742758566355e+49,1.341742758566355e+49,198.15101338525992
240,103881042195729914708510518382775401680142036775841,-2.1709853875194066e+49,-2.1709853875194066e+49,2.1709853875194066e+49,198.98696394625983
241,168083057059453008835412295811648513482449585399521,-3.5127281460857616e+49,-3.5127281460857616e+49,3.5127281460857616e+49,199.82291450725975
242,271964099255182923543922814194423915162591622175362,-5.683713533605169e+49,-5.683713533605169e+49,5.683713533605169e+49,200.65886506825967
243,440047156314635932379335110006072428645041207574883,-9.19644167969093e+49,-9.19644167969093e+49,9.19644167969093e+49,201.4948156292596
244,712011255569818855923257924200496343807632829750245,-1.4880155213296098e+50,-1.4880155213296098e+50,1.4880155213296098e+50,202.3307661902595
245,1152058411884454788302593034206568772452674037325128,-2.4076596892987027e+50,-2.4076596892987027e+50,2.4076596892987027e+50,203.1667167512594
246,1864069667454273644225850958407065116260306867075373,-3.895675210628313e+50,-3.895675210628313e+50,3.895675210628313e+50,204.00266731225932
247,3016128079338728432528443992613633888712980904400501,-6.303334899927016e+50,-6.303334899927016e+50,6.303334899927016e+50,204.83861787325924
248,4880197746793002076754294951020699004973287771475874,-1.019901011055533e+51,-1.019901011055533e+51,1.019901011055533e+51,205.67456843425916
249,7896325826131730509282738943634332893686268675876375,-1.6502345010482345e+51,-1.6502345010482345e+51,1.6502345010482345e+51,206.51051899525908
250,12776523572924732586037033894655031898659556447352249,-2.6701355121037674e+51,-2.6701355121037674e+51,2.6701355121037674e+51,207.346469556259
251,20672849399056463095319772838289364792345825123228624,-4.3203700131520016e+51,-4.3203700131520016e+51,4.3203700131520016e+51,208.1824201172589
252,33449372971981195681356806732944396691005381570580873,-6.990505525255769e+51,-6.990505525255769e+51,6.990505525255769e+51,209.0183706782588
253,54122222371037658776676579571233761483351206693809497,-1.1310875538407771e+52,-1.1310875538407771e+52,1.1310875538407771e+52,209.85432123925872
254,87571595343018854458033386304178158174356588264390370,-1.830138106366354e+52,-1.830138106366354e+52,1.830138106366354e+52,210.69027180025864
255,141693817714056513234709965875411919657707794958199867,-2.961225660207131e+52,-2.961225660207131e+52,2.961225660207131e+52,211.52622236125856
256,229265413057075367692743352179590077832064383222590237,-4.791363766573485e+52,-4.791363766573485e+52,4.791363766573485e+52,212.36217292225848
257,370959230771131880927453318055001997489772178180790104,-7.752589426780616e+52,-7.752589426780616e+52,7.752589426780616e+52,213.1981234832584
258,600224643828207248620196670234592075321836561403380341,-1.2543953193354102e+53,-1.2543953193354102e+53,1.2543953193354102e+53,214.03407404425832
259,971183874599339129547649988289594072811608739584170445,-2.0296542620134717e+53,-2.0296542620134717e+53,2.0296542620134717e+53,214.8700246052582
260,1571408518427546378167846658524186148133445300987550786,-3.284049581348882e+53,-3.284049581348882e+53,3.284049581348882e+53,215.70597516625813
261,2542592393026885507715496646813780220945054040571721231,-5.313703843362354e+53,-5.313703843362354e+53,5.313703843362354e+53,216.54192572725805
262,4114000911454431885883343305337966369078499341559272017,-8.597753424711235e+53,-8.597753424711235e+53,8.597753424711235e+53,217.37787628825797
263,6656593304481317393598839952151746590023553382130993248,-1.3911457268073588e+54,-1.3911457268073588e+54,1.3911457268073588e+54,218.21382684925788
264,10770594215935749279482183257489712959102052723690265265,-2.2509210692784823e+54,-2.2509210692784823e+54,2.2509210692784823e+54,219.0497774102578
265,17427187520417066673081023209641459549125606105821258513,-3.642066796085842e+54,-3.642066796085842e+54,3.642066796085842e+54,219.88572797125772
266,28197781736352815952563206467131172508227658829511523778,-5.8929878653643245e+54,-5.8929878653643245e+54,5.8929878653643245e+54,220.7216785322576
267,45624969256769882625644229676772632057353264935332782291,-9.535054661450164e+54,-9.535054661450164e+54,9.535054661450164e+54,221.55762909325753
268,73822750993122698578207436143903804565580923764844306069,-1.542804252681449e+55,-1.542804252681449e+55,1.542804252681449e+55,222.39357965425745
269,119447720249892581203851665820676436622934188700177088360,-2.4963097188264656e+55,-2.4963097188264656e+55,2.4963097188264656e+55,223.22953021525737
270,193270471243015279782059101964580241188515112465021394429,-4.039113971507914e+55,-4.039113971507914e+55,4.039113971507914e+55,224.0654807762573
271,312718191492907860985910767785256677811449301165198482789,-6.53542369033438e+55,-6.53542369033438e+55,6.53542369033438e+55,224.9014313372572
272,505988662735923140767969869749836918999964413630219877218,-1.0574537661842294e+56,-1.0574537661842294e+56,1.0574537661842294e+56,225.73738189825713
273,818706854228831001753880637535093596811413714795418360007,-1.7109961352176673e+56,-1.7109961352176673e+56,1.7109961352176673e+56,226.57333245925702
274,1324695516964754142521850507284930515811378128425638237225,-2.7684499014018968e+56,-2.7684499014018968e+56,2.7684499014018968e+56,227.40928302025694
275,2143402371193585144275731144820024112622791843221056597232,-4.4794460366195635e+56,-4.4794460366195635e+56,4.4794460366195635e+56,228.24523358125685
276,3468097888158339286797581652104954628434169971646694834457,-7.247895938021461e+56,-7.247895938021461e+56,7.247895938021461e+56,229.08118414225677
277,5611500259351924431073312796924978741056961814867751431689,-1.1727341974641025e+57,-1.1727341974641025e+57,1.1727341974641025e+57,229.9171347032567
278,9079598147510263717870894449029933369491131786514446266146,-1.8975237912662485e+57,-1.8975237912662485e+57,1.8975237912662485e+57,230.7530852642566
279,14691098406862188148944207245954912110548093601382197697835,-3.070257988730351e+57,-3.070257988730351e+57,3.070257988730351e+57,231.58903582525653
280,23770696554372451866815101694984845480039225387896643963981,-4.9677817799965994e+57,-4.9677817799965994e+57,4.9677817799965994e+57,232.42498638625642
281,38461794961234640015759308940939757590587318989278841661816,-8.03803976872695e+57,-8.03803976872695e+57,8.03803976872695e+57,233.26093694725634
282,62232491515607091882574410635924603070626544377175485625797,-1.300582154872355e+58,-1.300582154872355e+58,1.300582154872355e+58,234.09688750825626
283,100694286476841731898333719576864360661213863366454327287613,-2.1043861317450498e+58,-2.1043861317450498e+58,2.1043861317450498e+58,234.93283806925618
284,162926777992448823780908130212788963731840407743629812913410,-3.404968286617405e+58,-3.404968286617405e+58,3.404968286617405e+58,235.7687886302561
285,263621064469290555679241849789653324393054271110084140201023,-5.509354418362456e+58,-5.509354418362456e+58,5.509354418362456e+58,236.60473919125602
286,426547842461739379460149980002442288124894678853713953114433,-8.914322704979861e+58,-8.914322704979861e+58,8.914322704979861e+58,237.44068975225593
287,690168906931029935139391829792095612517948949963798093315456,-1.4423677123342317e+59,-1.4423677123342317e+59,1.4423677123342317e+59,238.27664031325583
288,1116716749392769314599541809794537900642843628817512046429889,-2.333799982832218e+59,-2.333799982832218e+59,2.333799982832218e+59,239.11259087425574
289,1806885656323799249738933639586633513160792578781310139745345,-3.776167695166449e+59,-3.776167695166449e+59,3.776167695166449e+59,239.94854143525566
290,2923602405716568564338475449381171413803636207598822186175234,-6.109967677998667e+59,-6.109967677998667e+59,6.109967677998667e+59,240.78449199625558
291,4730488062040367814077409088967804926964428786380132325920579,-9.886135373165115e+59,-9.886135373165115e+59,9.886135373165115e+59,241.6204425572555
292,7654090467756936378415884538348976340768064993978954512095813,-1.5996103051163783e+60,-1.5996103051163783e+60,1.5996103051163783e+60,242.45639311825542
293,12384578529797304192493293627316781267732493780359086838016392,-2.58822384243289e+60,-2.58822384243289e+60,2.58822384243289e+60,243.29234367925534
294,20038668997554240570909178165665757608500558774338041350112205,-4.187834147549268e+60,-4.187834147549268e+60,4.187834147549268e+60,244.12829424025523
295,32423247527351544763402471792982538876233052554697128188128597,-6.776057989982159e+60,-6.776057989982159e+60,6.776057989982159e+60,244.96424480125515
296,52461916524905785334311649958648296484733611329035169538240802,-1.0963892137531425e+61,-1.0963892137531425e+61,1.0963892137531425e+61,245.80019536225507
297,84885164052257330097714121751630835360966663883732297726369399,-1.7739950127513584e+61,-1.7739950127513584e+61,1.7739950127513584e+61,246.636145923255
298,137347080577163115432025771710279131845700275212767467264610201,-2.870384226504501e+61,-2.870384226504501e+61,2.870384226504501e+61,247.4720964842549
299,222232244629420445529739893461909967206666939096499764990979600,-4.644379239255859e+61,-4.644379239255859e+61,4.644379239255859e+61,248.30804704525482
300,359579325206583560961765665172189099052367214309267232255589801,-7.514763465760361e+61,-7.514763465760361e+61,7.514763465760361e+61,249.14399760625474
301,581811569836004006491505558634099066259034153405766997246569401,-1.2159142705016219e+62,-1.2159142705016219e+62,1.2159142705016219e+62,249.97994816725466
302,941390895042587567453271223806288165311401367715034229502159202,-1.967390617077658e+62,-1.967390617077658e+62,1.967390617077658e+62,250.81589872825455
303,1523202464878591573944776782440387231570435521120801226748728603,-3.1833048875792803e+62,-3.1833048875792803e+62,3.1833048875792803e+62,251.65184928925447
304,2464593359921179141398048006246675396881836888835835456250887805,-5.150695504656938e+62,-5.150695504656938e+62,5.150695504656938e+62,252.4877998502544
305,3987795824799770715342824788687062628452272409956636682999616408,-8.334000392236219e+62,-8.334000392236219e+62,8.334000392236219e+62,253.3237504112543
306,6452389184720949856740872794933738025334109298792472139250504213,-1.3484695896893157e+63,-1.3484695896893157e+63,1.3484695896893157e+63,254.15970097225423
307,10440185009520720572083697583620800653786381708749108822250120621,-2.1818696289129376e+63,-2.1818696289129376e+63,2.1818696289129376e+63,254.99565153325415
308,16892574194241670428824570378554538679120491007541580961500624834,-3.530339218602253e+63,-3.530339218602253e+63,3.530339218602253e+63,255.83160209425407
309,27332759203762391000908267962175339332906872716290689783750745455,-5.712208847515191e+63,-5.712208847515191e+63,5.712208847515191e+63,256.667552655254
310,44225333398004061429732838340729878012027363723832270745251370289,-9.242548066117443e+63,-9.242548066117443e+63,9.242548066117443e+63,257.5035032162539
311,71558092601766452430641106302905217344934236440122960529002115744,-1.4954756913632634e+64,-1.4954756913632634e+64,1.4954756913632634e+64,258.3394537772538
312,115783425999770513860373944643635095356961600163955231274253486033,-2.4197304979750077e+64,-2.4197304979750077e+64,2.4197304979750077e+64,259.1754043382537
313,187341518601536966291015050946540312701895836604078191803255601777,-3.9152061893382714e+64,-3.9152061893382714e+64,3.9152061893382714e+64,260.0113548992536
314,303124944601307480151388995590175408058857436768033423077509087810,-6.334936687313279e+64,-6.334936687313279e+64,6.334936687313279e+64,260.84730546025355
315,490466463202844446442404046536715720760753273372111614880764689587,-1.0250142876651549e+65,-1.0250142876651549e+65,1.0250142876651549e+65,261.68325602125344
316,793591407804151926593793042126891128819610710140145037958273777397,-1.658507956396483e+65,-1.658507956396483e+65,1.658507956396483e+65,262.5192065822534
317,1284057871006996373036197088663606849580363983512256652839038466984,-2.6835222440616377e+65,-2.6835222440616377e+65,2.6835222440616377e+65,263.3551571432533
318,2077649278811148299629990130790497978399974693652401690797312244381,-4.342030200458121e+65,-4.342030200458121e+65,4.342030200458121e+65,264.1911077042532
319,3361707149818144672666187219454104827980338677164658343636350711365,-7.025552444519759e+65,-7.025552444519759e+65,7.025552444519759e+65,265.0270582652531
320,5439356428629292972296177350244602806380313370817060034433662955746,-1.1367582644977879e+66,-1.1367582644977879e+66,1.1367582644977879e+66,265.863008826253
321,8801063578447437644962364569698707634360652047981718378070013667111,-1.839313508949764e+66,-1.839313508949764e+66,1.839313508949764e+66,266.69895938725296
322,14240420007076730617258541919943310440740965418798778412503676622857,-2.976071773447552e+66,-2.976071773447552e+66,2.976071773447552e+66,267.53490994825285
323,23041483585524168262220906489642018075101617466780496790573690289968,-4.815385282397316e+66,-4.815385282397316e+66,4.815385282397316e+66,268.3708605092528
324,37281903592600898879479448409585328515842582885579275203077366912825,-7.791457055844868e+66,-7.791457055844868e+66,7.791457055844868e+66,269.2068110702527
325,60323387178125067141700354899227346590944200352359771993651057202793,-1.2606842338242182e+67,-1.2606842338242182e+67,1.2606842338242182e+67,270.04276163125263
326,97605290770725966021179803308812675106786783237939047196728424115618,-2.039829939408705e+67,-2.039829939408705e+67,2.039829939408705e+67,270.8787121922525
327,157928677948851033162880158208040021697730983590298819190379481318411,-3.300514173232923e+67,-3.300514173232923e+67,3.300514173232923e+67,271.7146627532524
328,255533968719576999184059961516852696804517766828237866387107905434029,-5.340344112641628e+67,-5.340344112641628e+67,5.340344112641628e+67,272.55061331425236
329,413462646668428032346940119724892718502248750418536685577487386752440,-8.640858285874552e+67,-8.640858285874552e+67,8.640858285874552e+67,273.38656387525225
330,668996615388005031531000081241745415306766517246774551964595292186469,-1.3981202398516182e+68,-1.3981202398516182e+68,1.3981202398516182e+68,274.2225144362522
331,1082459262056433063877940200966638133809015267665311237542082678938909,-2.2622060684390735e+68,-2.2622060684390735e+68,2.2622060684390735e+68,275.0584649972521
332,1751455877444438095408940282208383549115781784912085789506677971125378,-3.660326308290691e+68,-3.660326308290691e+68,3.660326308290691e+68,275.89441555825204
333,2833915139500871159286880483175021682924797052577397027048760650064287,-5.922532376729765e+68,-5.922532376729765e+68,5.922532376729765e+68,276.7303661192519
334,4585371016945309254695820765383405232040578837489482816555438621189665,-9.582858685020456e+68,-9.582858685020456e+68,9.582858685020456e+68,277.5663166802518
335,7419286156446180413982701248558426914965375890066879843604199271253952,-1.550539106175022e+69,-1.550539106175022e+69,1.550539106175022e+69,278.40226724125176
336,12004657173391489668678522013941832147005954727556362660159637892443617,-2.5088249746770677e+69,-2.5088249746770677e+69,2.5088249746770677e+69,279.23821780225165
337,19423943329837670082661223262500259061971330617623242503763837163697569,-4.059364080852089e+69,-4.059364080852089e+69,4.059364080852089e+69,280.0741683632516
338,31428600503229159751339745276442091208977285345179605163923475056141186,-6.5681890555291574e+69,-6.5681890555291574e+69,6.5681890555291574e+69,280.9101189242515
339,50852543833066829834000968538942350270948615962802847667687312219838755,-1.0627553136381246e+70,-1.0627553136381246e+70,1.0627553136381246e+70,281.74606948525144
340,82281144336295989585340713815384441479925901307982452831610787275979941,-1.7195742191910404e+70,-1.7195742191910404e+70,1.7195742191910404e+70,282.58202004625133
341,133133688169362819419341682354326791750874517270785300499298099495818696,-2.782329532829165e+70,-2.782329532829165e+70,2.782329532829165e+70,283.4179706072512
342,215414832505658809004682396169711233230800418578767753330908886771798637,-4.5019037520202054e+70,-4.5019037520202054e+70,4.5019037520202054e+70,284.25392116825117
343,348548520675021628424024078524038024981674935849553053830206986267617333,-7.284233284849371e+70,-7.284233284849371e+70,7.284233284849371e+70,285.08987172925106
344,563963353180680437428706474693749258212475354428320807161115873039415970,-1.1786137036869576e+71,-1.1786137036869576e+71,1.1786137036869576e+71,285.925822290251
345,912511873855702065852730553217787283194150290277873860991322859307033303,-1.9070370321718947e+71,-1.9070370321718947e+71,1.9070370321718947e+71,286.7617728512509
346,1476475227036382503281437027911536541406625644706194668152438732346449273,-3.0856507358588523e+71,-3.0856507358588523e+71,3.0856507358588523e+71,287.59772341225084
347,2388987100892084569134167581129323824600775934984068529143761591653482576,-4.992687768030747e+71,-4.992687768030747e+71,4.992687768030747e+71,288.43367397325073
348,3865462327928467072415604609040860366007401579690263197296200323999931849,-8.0783385038896e+71,-8.0783385038896e+71,8.0783385038896e+71,289.2696245342506
349,6254449428820551641549772190170184190608177514674331726439961915653414425,-1.3071026271920347e+72,-1.3071026271920347e+72,1.3071026271920347e+72,290.1055750952506
350,10119911756749018713965376799211044556615579094364594923736162239653346274,-2.1149364775809948e+72,-2.1149364775809948e+72,2.1149364775809948e+72,290.94152565625046
351,16374361185569570355515148989381228747223756609038926650176124155306760699,-3.4220391047730292e+72,-3.4220391047730292e+72,3.4220391047730292e+72,291.7774762172504
352,26494272942318589069480525788592273303839335703403521573912286394960106973,-5.536975582354023e+72,-5.536975582354023e+72,5.536975582354023e+72,292.6134267782503
353,42868634127888159424995674777973502051063092312442448224088410550266867672,-8.959014687127052e+72,-8.959014687127052e+72,8.959014687127052e+72,293.44937733925025
354,69362907070206748494476200566565775354902428015845969798000696945226974645,-1.4495990269481076e+73,-1.4495990269481076e+73,1.4495990269481076e+73,294.28532790025014
355,112231541198094907919471875344539277405965520328288418022089107495493842317,-2.345500495660813e+73,-2.345500495660813e+73,2.345500495660813e+73,295.12127846125003
356,181594448268301656413948075911105052760867948344134387820089804440720816962,-3.79509952260892e+73,-3.79509952260892e+73,3.79509952260892e+73,295.95722902225
357,293825989466396564333419951255644330166833468672422805842178911936214659279,-6.140600018269734e+73,-6.140600018269734e+73,6.140600018269734e+73,296.79317958324987
358,475420437734698220747368027166749382927701417016557193662268716376935476241,-9.935699540878654e+73,-9.935699540878654e+73,9.935699540878654e+73,297.6291301442498
359,769246427201094785080787978422393713094534885688979999504447628313150135520,-1.6076299559148387e+74,-1.6076299559148387e+74,1.6076299559148387e+74,298.4650807052497
360,1244666864935793005828156005589143096022236302705537193166716344690085611761,-2.601199910002704e+74,-2.601199910002704e+74,2.601199910002704e+74,299.30103126624965
361,2013913292136887790908943984011536809116771188394517192671163973003235747281,-4.208829865917543e+74,-4.208829865917543e+74,4.208829865917543e+74,300.13698182724954
362,3258580157072680796737099989600679905139007491100054385837880317693321359042,-6.810029775920247e+74,-6.810029775920247e+74,6.810029775920247e+74,300.97293238824943
363,5272493449209568587646043973612216714255778679494571578509044290696557106323,-1.1018859641837792e+75,-1.1018859641837792e+75,1.1018859641837792e+75,301.8088829492494
364,8531073606282249384383143963212896619394786170594625964346924608389878465365,-1.7828889417758035e+75,-1.7828889417758035e+75,1.7828889417758035e+75,302.64483351024927
365,13803567055491817972029187936825113333650564850089197542855968899086435571688,-2.884774905959583e+75,-2.884774905959583e+75,2.884774905959583e+75,303.4807840712492
366,22334640661774067356412331900038009953045351020683823507202893507476314037053,-4.667663847735386e+75,-4.667663847735386e+75,4.667663847735386e+75,304.3167346322491
367,36138207717265885328441519836863123286695915870773021050058862406562749608741,-7.552438753694969e+75,-7.552438753694969e+75,7.552438753694969e+75,305.15268519324906
368,58472848379039952684853851736901133239741266891456844557261755914039063645794,-1.2220102601430356e+76,-1.2220102601430356e+76,1.2220102601430356e+76,305.98863575424895
369,94611056096305838013295371573764256526437182762229865607320618320601813254535,-1.9772541355125325e+76,-1.9772541355125325e+76,1.9772541355125325e+76,306.82458631524884
370,153083904475345790698149223310665389766178449653686710164582374234640876900329,-3.199264395655568e+76,-3.199264395655568e+76,3.199264395655568e+76,307.6605368762488
371,247694960571651628711444594884429646292615632415916575771902992555242690154864,-5.176518531168101e+76,-5.176518531168101e+76,5.176518531168101e+76,308.4964874372487
372,400778865046997419409593818195095036058794082069603285936485366789883567055193,-8.375782926823669e+76,-8.375782926823669e+76,8.375782926823669e+76,309.3324379982486
373,648473825618649048121038413079524682351409714485519861708388359345126257210057,-1.355230145799177e+77,-1.355230145799177e+77,1.355230145799177e+77,310.1683885592485
374,1049252690665646467530632231274619718410203796555123147644873726135009824265250,-2.1928084384815437e+77,-2.1928084384815437e+77,2.1928084384815437e+77,311.00433912024846
375,1697726516284295515651670644354144400761613511040643009353262085480136081475307,-3.5480385842807207e+77,-3.5480385842807207e+77,3.5480385842807207e+77,311.84028968124835
376,2746979206949941983182302875628764119171817307595766156998135811615145905740557,-5.740847022762264e+77,-5.740847022762264e+77,5.740847022762264e+77,312.6762402422483
377,4444705723234237498833973519982908519933430818636409166351397897095281987215864,-9.288885607042986e+77,-9.288885607042986e+77,9.288885607042986e+77,313.5121908032482
